{
    "Left FSR Factor": {
        "fsr1": 1.1838020247469068,
        "fsr2": 1.1838020247469068,
        "fsr3": 1.1838020247469068,
        "fsr4": 1.1838020247469068,
        "fsr5": 1.1838020247469068,
        "fsr6": 1.1838020247469068,
        "fsr7": 1.1838020247469068,
        "fsr8": 1.1838020247469068
    },
    "Right FSR Factor": {
        "fsr1": 1.2317210348706413,
        "fsr2": 1.2317210348706413,
        "fsr3": 1.2317210348706413,
        "fsr4": 1.2317210348706413,
        "fsr5": 1.2317210348706413,
        "fsr6": 1.2317210348706413,
        "fsr7": 1.2317210348706413,
        "fsr8": 1.2317210348706413
    }
}