{
    "Left FSR Factor": {
        "fsr1": 0.25000000000000006,
        "fsr2": 0.25000000000000006,
        "fsr3": 0.25000000000000006,
        "fsr4": 0.25000000000000006,
        "fsr5": 0.25000000000000006,
        "fsr6": 0.25000000000000006,
        "fsr7": 0.25000000000000006,
        "fsr8": 0.25000000000000006
    },
    "Right FSR Factor": {
        "fsr1": 0.25,
        "fsr2": 0.25,
        "fsr3": 0.25,
        "fsr4": 0.25,
        "fsr5": 0.25,
        "fsr6": 0.25,
        "fsr7": 0.25,
        "fsr8": 0.25
    }
}